id,timestamp,beacon_id,est_x,est_y,pi_ids_used,actual_x,actual_y,obs_x,obs_y,kf_x,kf_y,calc_method,user_name,job_title,department,status
717,2025-11-25 03:12:39,1A7BFF5E-BAE7-462D-978E-574155DF4F85,2587.000,9740.000,"9,6,4",3035.000,9345.000,3289.0,9963.0,3108.0,9740.0,SHAPELY,Dazzy,manager,dev_team,available
716,2025-11-25 03:12:36,1AFD3201-5C66-4F98-A201-B778A7FF0912,3718.000,5411.000,"8,4,3",3035.000,4915.000,3822.0,6230.0,3718.0,5411.0,SHAPELY,ゲスト,unknown,other,available
715,2025-11-25 03:12:09,1A7BFF5E-BAE7-462D-978E-574155DF4F85,2587.000,9504.000,"9,6,4",3035.000,9345.000,3466.0,9477.0,3219.0,9504.0,SHAPELY,Dazzy,manager,dev_team,available
714,2025-11-25 03:12:06,1AFD3201-5C66-4F98-A201-B778A7FF0912,2587.000,6295.000,"8,4,3",3035.000,4915.000,3795.0,6230.0,3277.0,6295.0,SHAPELY,ゲスト,unknown,other,available
713,2025-11-25 03:11:39,1A7BFF5E-BAE7-462D-978E-574155DF4F85,2661.000,10355.000,"9,6,4",3035.000,9345.000,3307.0,9830.0,2661.0,10355.0,SHAPELY,Dazzy,manager,dev_team,available
712,2025-11-25 03:11:36,1AFD3201-5C66-4F98-A201-B778A7FF0912,3935.000,6230.000,"8,4,3",3035.000,4915.000,3776.0,6229.0,3628.0,6360.0,SHAPELY,ゲスト,unknown,other,available
711,2025-11-25 03:11:09,1A7BFF5E-BAE7-462D-978E-574155DF4F85,2587.000,10294.000,"9,6,4",3035.000,9345.000,3189.0,9909.0,3059.0,10294.0,SHAPELY,Dazzy,manager,dev_team,available
710,2025-11-25 03:11:06,1AFD3201-5C66-4F98-A201-B778A7FF0912,3458.000,5572.000,"8,4,3",3035.000,4915.000,3826.0,6230.0,3458.0,6306.0,SHAPELY,ゲスト,unknown,other,available
709,2025-11-25 03:10:39,1A7BFF5E-BAE7-462D-978E-574155DF4F85,2587.000,9713.000,"9,6,4",3035.000,9345.000,3487.0,10011.0,3446.0,9713.0,SHAPELY,Dazzy,manager,dev_team,available
708,2025-11-25 03:10:36,1AFD3201-5C66-4F98-A201-B778A7FF0912,4249.000,5572.000,"8,4,3",3035.000,4915.000,3833.0,6230.0,4249.0,6782.0,SHAPELY,ゲスト,unknown,other,available
707,2025-11-25 03:10:09,1A7BFF5E-BAE7-462D-978E-574155DF4F85,3273.000,8687.000,"9,6,4",3035.000,9345.000,3477.0,9870.0,3273.0,9359.0,SHAPELY,Dazzy,manager,dev_team,available
706,2025-11-25 03:10:06,1AFD3201-5C66-4F98-A201-B778A7FF0912,3935.000,6230.000,"8,4,3",3035.000,4915.000,3838.0,6230.0,3867.0,6123.0,SHAPELY,ゲスト,unknown,other,available
705,2025-11-25 03:09:39,1A7BFF5E-BAE7-462D-978E-574155DF4F85,2587.000,9586.000,"9,6,4",3035.000,9345.000,3398.0,9985.0,3093.0,9586.0,SHAPELY,Dazzy,manager,dev_team,available
704,2025-11-25 03:09:36,1AFD3201-5C66-4F98-A201-B778A7FF0912,3809.000,5827.000,"8,4,3",3035.000,4915.000,3737.0,6230.0,3809.0,5827.0,SHAPELY,ゲスト,unknown,other,available
703,2025-11-25 03:09:09,1A7BFF5E-BAE7-462D-978E-574155DF4F85,2587.000,9542.000,"9,6,4",3035.000,9345.000,3417.0,10026.0,3100.0,9542.0,SHAPELY,Dazzy,manager,dev_team,available
702,2025-11-25 03:09:06,1AFD3201-5C66-4F98-A201-B778A7FF0912,2587.000,6492.000,"8,4,3",3035.000,4915.000,3755.0,6230.0,3475.0,6492.0,SHAPELY,ゲスト,unknown,other,available
701,2025-11-25 03:08:39,1A7BFF5E-BAE7-462D-978E-574155DF4F85,2587.000,10036.000,"9,6,4",3035.000,9345.000,3327.0,9764.0,2963.0,10036.0,SHAPELY,Dazzy,manager,dev_team,available
700,2025-11-25 03:08:36,1AFD3201-5C66-4F98-A201-B778A7FF0912,3334.000,5572.000,"8,4,3",3035.000,4915.000,3823.0,6229.0,3334.0,6241.0,SHAPELY,ゲスト,unknown,other,available
699,2025-11-25 03:08:09,1A7BFF5E-BAE7-462D-978E-574155DF4F85,2602.000,9902.000,"9,6,4",3035.000,9345.000,3298.0,10014.0,2602.0,9902.0,SHAPELY,Dazzy,manager,dev_team,available
698,2025-11-25 03:08:06,1AFD3201-5C66-4F98-A201-B778A7FF0912,3413.000,5572.000,"8,4,3",3035.000,4915.000,3821.0,6230.0,3413.0,6223.0,SHAPELY,ゲスト,unknown,other,available
697,2025-11-25 03:07:39,1A7BFF5E-BAE7-462D-978E-574155DF4F85,2587.000,9787.000,"9,6,4",3035.000,9345.000,3554.0,9696.0,3026.0,9787.0,SHAPELY,Dazzy,manager,dev_team,available
696,2025-11-25 03:07:36,1AFD3201-5C66-4F98-A201-B778A7FF0912,2587.000,6771.000,"8,4,3",3035.000,4915.000,3834.0,6229.0,3417.0,6771.0,SHAPELY,ゲスト,unknown,other,available
695,2025-11-25 03:07:09,1A7BFF5E-BAE7-462D-978E-574155DF4F85,2923.000,9590.000,"9,6,4",3035.000,9345.000,3197.0,9639.0,2923.0,9590.0,SHAPELY,Dazzy,manager,dev_team,available
694,2025-11-25 03:07:06,1AFD3201-5C66-4F98-A201-B778A7FF0912,2731.000,6874.000,"8,4,3",3035.000,4915.000,3805.0,6229.0,2731.0,6874.0,SHAPELY,ゲスト,unknown,other,available
693,2025-11-25 03:06:39,1A7BFF5E-BAE7-462D-978E-574155DF4F85,2587.000,9770.000,"9,6,4",3035.000,9345.000,3279.0,9842.0,3152.0,9770.0,SHAPELY,Dazzy,manager,dev_team,available
692,2025-11-25 03:06:36,1AFD3201-5C66-4F98-A201-B778A7FF0912,2587.000,6436.000,"8,4,3",3035.000,4915.000,3753.0,6230.0,3093.0,6436.0,SHAPELY,ゲスト,unknown,other,available
691,2025-11-25 03:06:09,1A7BFF5E-BAE7-462D-978E-574155DF4F85,2587.000,9885.000,"9,6,4",3035.000,9345.000,3464.0,9937.0,3257.0,9885.0,SHAPELY,Dazzy,manager,dev_team,available
690,2025-11-25 03:06:06,1AFD3201-5C66-4F98-A201-B778A7FF0912,2587.000,6392.000,"8,4,3",3035.000,4915.000,3780.0,6230.0,3187.0,6392.0,SHAPELY,ゲスト,unknown,other,available
689,2025-11-25 03:05:39,1A7BFF5E-BAE7-462D-978E-574155DF4F85,3935.000,9345.000,"9,6,4",3035.000,9345.000,3704.0,9603.0,3625.0,9473.0,SHAPELY,Dazzy,manager,dev_team,available
688,2025-11-25 03:05:36,1AFD3201-5C66-4F98-A201-B778A7FF0912,3555.000,5572.000,"8,4,3",3035.000,4915.000,3745.0,6230.0,3555.0,6246.0,SHAPELY,ゲスト,unknown,other,available
687,2025-11-25 03:05:09,1A7BFF5E-BAE7-462D-978E-574155DF4F85,2587.000,10009.000,"9,6,4",3035.000,9345.000,3239.0,9854.0,3140.0,10009.0,SHAPELY,Dazzy,manager,dev_team,available
686,2025-11-25 03:05:06,1AFD3201-5C66-4F98-A201-B778A7FF0912,2587.000,6386.000,"8,4,3",3035.000,4915.000,3801.0,6229.0,3281.0,6386.0,SHAPELY,ゲスト,unknown,other,available
685,2025-11-25 03:04:39,1A7BFF5E-BAE7-462D-978E-574155DF4F85,2587.000,10230.000,"9,6,4",3035.000,9345.000,3502.0,9828.0,3036.0,10230.0,SHAPELY,Dazzy,manager,dev_team,available
684,2025-11-25 03:04:36,1AFD3201-5C66-4F98-A201-B778A7FF0912,2587.000,7022.000,"8,4,3",3035.000,4915.000,3801.0,6230.0,3370.0,7022.0,SHAPELY,ゲスト,unknown,other,available
683,2025-11-25 03:04:09,1A7BFF5E-BAE7-462D-978E-574155DF4F85,2587.000,9556.000,"9,6,4",3035.000,9345.000,3310.0,9824.0,2939.0,9556.0,SHAPELY,Dazzy,manager,dev_team,available
682,2025-11-25 03:04:06,1AFD3201-5C66-4F98-A201-B778A7FF0912,3535.000,5572.000,"8,4,3",3035.000,4915.000,3807.0,6230.0,3535.0,6133.0,SHAPELY,ゲスト,unknown,other,available
681,2025-11-25 03:03:39,1A7BFF5E-BAE7-462D-978E-574155DF4F85,2587.000,9524.000,"9,6,4",3035.000,9345.000,3362.0,9792.0,3402.0,9524.0,SHAPELY,Dazzy,manager,dev_team,available
680,2025-11-25 03:03:36,1AFD3201-5C66-4F98-A201-B778A7FF0912,3560.000,5572.000,"8,4,3",3035.000,4915.000,3822.0,6230.0,3560.0,6464.0,SHAPELY,ゲスト,unknown,other,available
679,2025-11-25 03:03:09,1A7BFF5E-BAE7-462D-978E-574155DF4F85,2587.000,9722.000,"9,6,4",3035.000,9345.000,3368.0,9645.0,3330.0,9722.0,SHAPELY,Dazzy,manager,dev_team,available
678,2025-11-25 03:03:06,1AFD3201-5C66-4F98-A201-B778A7FF0912,3667.000,5572.000,"8,4,3",3035.000,4915.000,3834.0,6230.0,3667.0,6489.0,SHAPELY,ゲスト,unknown,other,available
677,2025-11-25 03:02:39,1A7BFF5E-BAE7-462D-978E-574155DF4F85,2587.000,9735.000,"9,6,4",3035.000,9345.000,3495.0,9734.0,3390.0,9735.0,SHAPELY,Dazzy,manager,dev_team,available
676,2025-11-25 03:02:36,1AFD3201-5C66-4F98-A201-B778A7FF0912,2587.000,6838.000,"8,4,3",3035.000,4915.000,3784.0,6230.0,3729.0,6838.0,SHAPELY,ゲスト,unknown,other,available
675,2025-11-25 03:02:09,1A7BFF5E-BAE7-462D-978E-574155DF4F85,2587.000,9832.000,"9,6,4",3035.000,9345.000,3552.0,9816.0,3355.0,9832.0,SHAPELY,Dazzy,manager,dev_team,available
674,2025-11-25 03:02:06,1AFD3201-5C66-4F98-A201-B778A7FF0912,3538.000,5572.000,"8,4,3",3035.000,4915.000,3790.0,6230.0,3538.0,6191.0,SHAPELY,ゲスト,unknown,other,available
673,2025-11-25 03:01:39,1A7BFF5E-BAE7-462D-978E-574155DF4F85,2587.000,10192.000,"9,6,4",3035.000,9345.000,3475.0,9871.0,3045.0,10192.0,SHAPELY,Dazzy,manager,dev_team,available
672,2025-11-25 03:01:36,1AFD3201-5C66-4F98-A201-B778A7FF0912,2587.000,6265.000,"8,4,3",3035.000,4915.000,3762.0,6230.0,3087.0,6265.0,SHAPELY,ゲスト,unknown,other,available
671,2025-11-25 03:01:09,1A7BFF5E-BAE7-462D-978E-574155DF4F85,2919.000,10195.000,"9,6,4",3035.000,9345.000,3315.0,9867.0,2919.0,10195.0,SHAPELY,Dazzy,manager,dev_team,available
670,2025-11-25 03:01:06,1AFD3201-5C66-4F98-A201-B778A7FF0912,2587.000,6693.000,"8,4,3",3035.000,4915.000,3798.0,6229.0,3290.0,6693.0,SHAPELY,ゲスト,unknown,other,available
669,2025-11-25 03:00:39,1A7BFF5E-BAE7-462D-978E-574155DF4F85,2587.000,9975.000,"9,6,4",3035.000,9345.000,3454.0,9705.0,3283.0,9975.0,SHAPELY,Dazzy,manager,dev_team,available
668,2025-11-25 03:00:36,1AFD3201-5C66-4F98-A201-B778A7FF0912,2587.000,6622.000,"8,4,3",3035.000,4915.000,3807.0,6230.0,2961.0,6622.0,SHAPELY,ゲスト,unknown,other,available
667,2025-11-25 03:00:09,1A7BFF5E-BAE7-462D-978E-574155DF4F85,2587.000,10165.000,"9,6,4",3035.000,9345.000,3439.0,9861.0,3105.0,10165.0,SHAPELY,Dazzy,manager,dev_team,available
666,2025-11-25 03:00:06,1AFD3201-5C66-4F98-A201-B778A7FF0912,2587.000,6392.000,"8,4,3",3035.000,4915.000,3844.0,6230.0,3283.0,6392.0,SHAPELY,ゲスト,unknown,other,available
665,2025-11-25 02:59:39,1A7BFF5E-BAE7-462D-978E-574155DF4F85,2587.000,9994.000,"9,6,4",3035.000,9345.000,3433.0,9722.0,3160.0,9994.0,SHAPELY,Dazzy,manager,dev_team,available
664,2025-11-25 02:59:36,1AFD3201-5C66-4F98-A201-B778A7FF0912,3935.000,6230.000,"8,4,3",3035.000,4915.000,3832.0,6230.0,3764.0,6319.0,SHAPELY,ゲスト,unknown,other,available
663,2025-11-25 02:59:09,1A7BFF5E-BAE7-462D-978E-574155DF4F85,2587.000,10124.000,"9,6,4",3035.000,9345.000,3298.0,9831.0,3348.0,10124.0,SHAPELY,Dazzy,manager,dev_team,available
662,2025-11-25 02:59:06,1AFD3201-5C66-4F98-A201-B778A7FF0912,3937.000,5860.000,"8,4,3",3035.000,4915.000,3801.0,6230.0,3937.0,5860.0,SHAPELY,ゲスト,unknown,other,available
661,2025-11-25 02:58:39,1A7BFF5E-BAE7-462D-978E-574155DF4F85,2587.000,10091.000,"9,6,4",3035.000,9345.000,3363.0,9903.0,3492.0,10091.0,SHAPELY,Dazzy,manager,dev_team,available
660,2025-11-25 02:58:36,1AFD3201-5C66-4F98-A201-B778A7FF0912,3935.000,6230.000,"8,4,3",3035.000,4915.000,3817.0,6230.0,3727.0,6262.0,SHAPELY,ゲスト,unknown,other,available
659,2025-11-25 02:58:09,1A7BFF5E-BAE7-462D-978E-574155DF4F85,2587.000,9648.000,"9,6,4",3035.000,9345.000,3406.0,9760.0,3258.0,9648.0,SHAPELY,Dazzy,manager,dev_team,available
658,2025-11-25 02:58:06,1AFD3201-5C66-4F98-A201-B778A7FF0912,4164.000,5795.000,"8,4,3",3035.000,4915.000,3806.0,6229.0,4164.0,5795.0,SHAPELY,ゲスト,unknown,other,available
657,2025-11-25 02:57:39,1A7BFF5E-BAE7-462D-978E-574155DF4F85,2921.000,9653.000,"9,6,4",3035.000,9345.000,3319.0,9663.0,2921.0,9653.0,SHAPELY,Dazzy,manager,dev_team,available
656,2025-11-25 02:57:36,1AFD3201-5C66-4F98-A201-B778A7FF0912,3935.000,6230.000,"8,4,3",3035.000,4915.000,3793.0,6230.0,4063.0,6399.0,SHAPELY,ゲスト,unknown,other,available
655,2025-11-25 02:57:09,1A7BFF5E-BAE7-462D-978E-574155DF4F85,2928.000,9848.000,"9,6,4",3035.000,9345.000,3463.0,9825.0,2928.0,9848.0,SHAPELY,Dazzy,manager,dev_team,available
654,2025-11-25 02:57:06,1AFD3201-5C66-4F98-A201-B778A7FF0912,3935.000,6230.000,"8,4,3",3035.000,4915.000,3822.0,6230.0,3969.0,5954.0,SHAPELY,ゲスト,unknown,other,available
653,2025-11-25 02:56:39,1A7BFF5E-BAE7-462D-978E-574155DF4F85,2587.000,9675.000,"9,6,4",3035.000,9345.000,3567.0,9700.0,3015.0,9675.0,SHAPELY,Dazzy,manager,dev_team,available
652,2025-11-25 02:56:36,1AFD3201-5C66-4F98-A201-B778A7FF0912,3180.000,5463.000,"8,4,3",3035.000,4915.000,3841.0,6230.0,3180.0,5463.0,SHAPELY,ゲスト,unknown,other,available
651,2025-11-25 02:56:09,1A7BFF5E-BAE7-462D-978E-574155DF4F85,2587.000,9900.000,"9,6,4",3035.000,9345.000,3192.0,9775.0,2984.0,9900.0,SHAPELY,Dazzy,manager,dev_team,available
650,2025-11-25 02:56:06,1AFD3201-5C66-4F98-A201-B778A7FF0912,2587.000,6508.000,"8,4,3",3035.000,4915.000,3832.0,6229.0,3343.0,6508.0,SHAPELY,ゲスト,unknown,other,available
649,2025-11-25 02:55:39,1A7BFF5E-BAE7-462D-978E-574155DF4F85,2587.000,9557.000,"9,6,4",3035.000,9345.000,3295.0,9683.0,3185.0,9557.0,SHAPELY,Dazzy,manager,dev_team,available
648,2025-11-25 02:55:36,1AFD3201-5C66-4F98-A201-B778A7FF0912,3837.000,5572.000,"8,4,3",3035.000,4915.000,3821.0,6230.0,3837.0,6595.0,SHAPELY,ゲスト,unknown,other,available
647,2025-11-25 02:55:09,1A7BFF5E-BAE7-462D-978E-574155DF4F85,2587.000,9821.000,"9,6,4",3035.000,9345.000,3313.0,9899.0,3221.0,9821.0,SHAPELY,Dazzy,manager,dev_team,available
646,2025-11-25 02:55:06,1AFD3201-5C66-4F98-A201-B778A7FF0912,3935.000,6230.000,"8,4,3",3035.000,4915.000,3844.0,6230.0,3893.0,6141.0,SHAPELY,ゲスト,unknown,other,available
645,2025-11-25 02:54:39,1A7BFF5E-BAE7-462D-978E-574155DF4F85,2587.000,9414.000,"9,6,4",3035.000,9345.000,3668.0,9685.0,3181.0,9414.0,SHAPELY,Dazzy,manager,dev_team,available
644,2025-11-25 02:54:36,1AFD3201-5C66-4F98-A201-B778A7FF0912,3601.000,5602.000,"8,4,3",3035.000,4915.000,3729.0,6230.0,3601.0,5602.0,SHAPELY,ゲスト,unknown,other,available
643,2025-11-25 02:54:09,1A7BFF5E-BAE7-462D-978E-574155DF4F85,2913.000,9519.000,"9,6,4",3035.000,9345.000,3422.0,9708.0,2913.0,9519.0,SHAPELY,Dazzy,manager,dev_team,available
642,2025-11-25 02:54:06,1AFD3201-5C66-4F98-A201-B778A7FF0912,3931.000,5572.000,"8,4,3",3035.000,4915.000,3828.0,6229.0,3931.0,6688.0,SHAPELY,ゲスト,unknown,other,available
641,2025-11-25 02:53:39,1A7BFF5E-BAE7-462D-978E-574155DF4F85,2816.000,9869.000,"9,6,4",3035.000,9345.000,3441.0,9633.0,2816.0,9869.0,SHAPELY,Dazzy,manager,dev_team,available
640,2025-11-25 02:53:36,1AFD3201-5C66-4F98-A201-B778A7FF0912,2587.000,6907.000,"8,4,3",3035.000,4915.000,3815.0,6230.0,3611.0,6907.0,SHAPELY,ゲスト,unknown,other,available
639,2025-11-25 02:53:09,1A7BFF5E-BAE7-462D-978E-574155DF4F85,2587.000,9732.000,"9,6,4",3035.000,9345.000,3202.0,9726.0,2938.0,9732.0,SHAPELY,Dazzy,manager,dev_team,available
638,2025-11-25 02:53:06,1AFD3201-5C66-4F98-A201-B778A7FF0912,4162.000,5572.000,"8,4,3",3035.000,4915.000,3793.0,6230.0,4162.0,6542.0,SHAPELY,ゲスト,unknown,other,available
637,2025-11-25 02:52:39,1A7BFF5E-BAE7-462D-978E-574155DF4F85,2587.000,9878.000,"9,6,4",3035.000,9345.000,3372.0,9731.0,3318.0,9878.0,SHAPELY,Dazzy,manager,dev_team,available
636,2025-11-25 02:52:36,1AFD3201-5C66-4F98-A201-B778A7FF0912,3612.000,5572.000,"8,4,3",3035.000,4915.000,3832.0,6229.0,3612.0,6095.0,SHAPELY,ゲスト,unknown,other,available
635,2025-11-25 02:52:09,1A7BFF5E-BAE7-462D-978E-574155DF4F85,2587.000,10194.000,"9,6,4",3035.000,9345.000,3301.0,9940.0,2987.0,10194.0,SHAPELY,Dazzy,manager,dev_team,available
634,2025-11-25 02:52:06,1AFD3201-5C66-4F98-A201-B778A7FF0912,3646.000,5572.000,"8,4,3",3035.000,4915.000,3888.0,6230.0,3646.0,6519.0,SHAPELY,ゲスト,unknown,other,available
633,2025-11-25 02:51:39,1A7BFF5E-BAE7-462D-978E-574155DF4F85,2587.000,9582.000,"9,6,4",3035.000,9345.000,3423.0,9867.0,3252.0,9582.0,SHAPELY,Dazzy,manager,dev_team,available
632,2025-11-25 02:51:36,1AFD3201-5C66-4F98-A201-B778A7FF0912,2587.000,6631.000,"8,4,3",3035.000,4915.000,3816.0,6229.0,3531.0,6631.0,SHAPELY,ゲスト,unknown,other,available
631,2025-11-25 02:51:09,1A7BFF5E-BAE7-462D-978E-574155DF4F85,3466.000,8687.000,"9,6,4",3035.000,9345.000,3362.0,9809.0,3466.0,9489.0,SHAPELY,Dazzy,manager,dev_team,available
630,2025-11-25 02:51:06,1AFD3201-5C66-4F98-A201-B778A7FF0912,3935.000,6230.000,"8,4,3",3035.000,4915.000,3820.0,6230.0,4081.0,6467.0,SHAPELY,ゲスト,unknown,other,available
629,2025-11-25 02:50:39,1A7BFF5E-BAE7-462D-978E-574155DF4F85,2587.000,9718.000,"9,6,4",3035.000,9345.000,3458.0,9819.0,3317.0,9718.0,SHAPELY,Dazzy,manager,dev_team,available
628,2025-11-25 02:50:36,1AFD3201-5C66-4F98-A201-B778A7FF0912,4126.000,5572.000,"8,4,3",3035.000,4915.000,3775.0,6230.0,4126.0,6674.0,SHAPELY,ゲスト,unknown,other,available
627,2025-11-25 02:50:09,1A7BFF5E-BAE7-462D-978E-574155DF4F85,2587.000,9899.000,"9,6,4",3035.000,9345.000,3288.0,9802.0,3064.0,9899.0,SHAPELY,Dazzy,manager,dev_team,available
626,2025-11-25 02:50:06,1AFD3201-5C66-4F98-A201-B778A7FF0912,3935.000,6230.000,"8,4,3",3035.000,4915.000,3829.0,6230.0,4105.0,6466.0,SHAPELY,ゲスト,unknown,other,available
625,2025-11-25 02:49:39,1A7BFF5E-BAE7-462D-978E-574155DF4F85,2878.000,9528.000,"9,6,4",3035.000,9345.000,3414.0,9603.0,2878.0,9528.0,SHAPELY,Dazzy,manager,dev_team,available
624,2025-11-25 02:49:36,1AFD3201-5C66-4F98-A201-B778A7FF0912,4300.000,5572.000,"8,4,3",3035.000,4915.000,3815.0,6230.0,4300.0,6165.0,SHAPELY,ゲスト,unknown,other,available
623,2025-11-25 02:49:09,1A7BFF5E-BAE7-462D-978E-574155DF4F85,2587.000,9773.000,"9,6,4",3035.000,9345.000,3276.0,9658.0,3066.0,9773.0,SHAPELY,Dazzy,manager,dev_team,available
622,2025-11-25 02:49:06,1AFD3201-5C66-4F98-A201-B778A7FF0912,3935.000,6230.000,"8,4,3",3035.000,4915.000,3807.0,6230.0,3948.0,6408.0,SHAPELY,ゲスト,unknown,other,available
621,2025-11-25 02:48:39,1A7BFF5E-BAE7-462D-978E-574155DF4F85,2587.000,9633.000,"9,6,4",3035.000,9345.000,3177.0,9656.0,3052.0,9633.0,SHAPELY,Dazzy,manager,dev_team,available
620,2025-11-25 02:48:36,1AFD3201-5C66-4F98-A201-B778A7FF0912,3916.000,5572.000,"8,4,3",3035.000,4915.000,3785.0,6229.0,3916.0,6728.0,SHAPELY,ゲスト,unknown,other,available
619,2025-11-25 02:48:09,1A7BFF5E-BAE7-462D-978E-574155DF4F85,2587.000,9585.000,"9,6,4",3035.000,9345.000,3182.0,9748.0,3181.0,9585.0,SHAPELY,Dazzy,manager,dev_team,available
618,2025-11-25 02:48:06,1AFD3201-5C66-4F98-A201-B778A7FF0912,4314.000,5572.000,"8,4,3",3035.000,4915.000,3779.0,6230.0,4314.0,6784.0,SHAPELY,ゲスト,unknown,other,available
617,2025-11-25 02:47:40,1A7BFF5E-BAE7-462D-978E-574155DF4F85,2587.000,9639.000,"9,6,4",3035.000,9345.000,3187.0,9798.0,3121.0,9639.0,SHAPELY,Dazzy,manager,dev_team,available
616,2025-11-25 02:47:36,1AFD3201-5C66-4F98-A201-B778A7FF0912,4078.000,5721.000,"8,4,3",3035.000,4915.000,3842.0,6230.0,4078.0,5721.0,SHAPELY,ゲスト,unknown,other,available
615,2025-11-25 02:47:09,1A7BFF5E-BAE7-462D-978E-574155DF4F85,2587.000,9895.000,"9,6,4",3035.000,9345.000,3270.0,9749.0,3309.0,9895.0,SHAPELY,Dazzy,manager,dev_team,available
614,2025-11-25 02:47:06,1AFD3201-5C66-4F98-A201-B778A7FF0912,3748.000,5717.000,"8,4,3",3035.000,4915.000,3834.0,6229.0,3748.0,5717.0,SHAPELY,ゲスト,unknown,other,available
613,2025-11-25 02:46:39,1A7BFF5E-BAE7-462D-978E-574155DF4F85,2587.000,9700.000,"9,6,4",3035.000,9345.000,3663.0,9648.0,3109.0,9700.0,SHAPELY,Dazzy,manager,dev_team,available
612,2025-11-25 02:46:36,1AFD3201-5C66-4F98-A201-B778A7FF0912,3935.000,6230.000,"8,4,3",3035.000,4915.000,3810.0,6230.0,3719.0,6167.0,SHAPELY,ゲスト,unknown,other,available
611,2025-11-25 02:46:09,1A7BFF5E-BAE7-462D-978E-574155DF4F85,2587.000,9820.000,"9,6,4",3035.000,9345.000,3438.0,9604.0,3143.0,9820.0,SHAPELY,Dazzy,manager,dev_team,available
610,2025-11-25 02:46:06,1AFD3201-5C66-4F98-A201-B778A7FF0912,3582.000,5572.000,"8,4,3",3035.000,4915.000,3827.0,6230.0,3582.0,6013.0,SHAPELY,ゲスト,unknown,other,available
609,2025-11-25 02:45:39,1A7BFF5E-BAE7-462D-978E-574155DF4F85,2587.000,9999.000,"9,6,4",3035.000,9345.000,3332.0,9844.0,3316.0,9999.0,SHAPELY,Dazzy,manager,dev_team,available
608,2025-11-25 02:45:36,1AFD3201-5C66-4F98-A201-B778A7FF0912,3250.000,5572.000,"8,4,3",3035.000,4915.000,3808.0,6229.0,3250.0,6179.0,SHAPELY,ゲスト,unknown,other,available
607,2025-11-25 02:45:10,1A7BFF5E-BAE7-462D-978E-574155DF4F85,2747.000,9623.000,"9,6,4",3035.000,9345.000,3239.0,9887.0,2747.0,9623.0,SHAPELY,Dazzy,manager,dev_team,available
606,2025-11-25 02:45:06,1AFD3201-5C66-4F98-A201-B778A7FF0912,3399.000,5572.000,"8,4,3",3035.000,4915.000,3747.0,6230.0,3399.0,6123.0,SHAPELY,ゲスト,unknown,other,available
605,2025-11-25 02:44:39,1A7BFF5E-BAE7-462D-978E-574155DF4F85,2587.000,9875.000,"9,6,4",3035.000,9345.000,3432.0,9757.0,3120.0,9875.0,SHAPELY,Dazzy,manager,dev_team,available
604,2025-11-25 02:44:36,1AFD3201-5C66-4F98-A201-B778A7FF0912,3608.000,5572.000,"8,4,3",3035.000,4915.000,3716.0,6230.0,3608.0,6548.0,SHAPELY,ゲスト,unknown,other,available
603,2025-11-25 02:44:09,1A7BFF5E-BAE7-462D-978E-574155DF4F85,2587.000,9867.000,"9,6,4",3035.000,9345.000,3329.0,9824.0,3172.0,9867.0,SHAPELY,Dazzy,manager,dev_team,available
602,2025-11-25 02:44:06,1AFD3201-5C66-4F98-A201-B778A7FF0912,3463.000,5572.000,"8,4,3",3035.000,4915.000,3860.0,6230.0,3463.0,6368.0,SHAPELY,ゲスト,unknown,other,available
601,2025-11-25 02:43:39,1A7BFF5E-BAE7-462D-978E-574155DF4F85,2873.000,10013.000,"9,6,4",3035.000,9345.000,3178.0,9932.0,2873.0,10013.0,SHAPELY,Dazzy,manager,dev_team,available
600,2025-11-25 02:43:36,1AFD3201-5C66-4F98-A201-B778A7FF0912,3466.000,5572.000,"8,4,3",3035.000,4915.000,3814.0,6230.0,3466.0,6384.0,SHAPELY,ゲスト,unknown,other,available
599,2025-11-25 02:43:09,1A7BFF5E-BAE7-462D-978E-574155DF4F85,2587.000,9741.000,"9,6,4",3035.000,9345.000,3459.0,9701.0,3360.0,9741.0,SHAPELY,Dazzy,manager,dev_team,available
598,2025-11-25 02:43:06,1AFD3201-5C66-4F98-A201-B778A7FF0912,3351.000,5572.000,"8,4,3",3035.000,4915.000,3790.0,6229.0,3351.0,6158.0,SHAPELY,ゲスト,unknown,other,available
597,2025-11-25 02:42:39,1A7BFF5E-BAE7-462D-978E-574155DF4F85,2587.000,10046.000,"9,6,4",3035.000,9345.000,3238.0,9802.0,3215.0,10046.0,SHAPELY,Dazzy,manager,dev_team,available
596,2025-11-25 02:42:36,1AFD3201-5C66-4F98-A201-B778A7FF0912,3430.000,5572.000,"8,4,3",3035.000,4915.000,3825.0,6230.0,3430.0,6153.0,SHAPELY,ゲスト,unknown,other,available
595,2025-11-25 02:42:09,1A7BFF5E-BAE7-462D-978E-574155DF4F85,2587.000,9750.000,"9,6,4",3035.000,9345.000,3602.0,9886.0,3441.0,9750.0,SHAPELY,Dazzy,manager,dev_team,available
594,2025-11-25 02:42:06,1AFD3201-5C66-4F98-A201-B778A7FF0912,3841.000,5572.000,"8,4,3",3035.000,4915.000,3753.0,6230.0,3841.0,6671.0,SHAPELY,ゲスト,unknown,other,available
593,2025-11-25 02:41:39,1A7BFF5E-BAE7-462D-978E-574155DF4F85,2587.000,9684.000,"9,6,4",3035.000,9345.000,3803.0,9804.0,3067.0,9684.0,SHAPELY,Dazzy,manager,dev_team,available
592,2025-11-25 02:41:36,1AFD3201-5C66-4F98-A201-B778A7FF0912,4295.000,5572.000,"8,4,3",3035.000,4915.000,3873.0,6230.0,4295.0,6509.0,SHAPELY,ゲスト,unknown,other,available
591,2025-11-25 02:41:10,1A7BFF5E-BAE7-462D-978E-574155DF4F85,2587.000,9942.000,"9,6,4",3035.000,9345.000,3472.0,10187.0,2998.0,9942.0,SHAPELY,Dazzy,manager,dev_team,available
590,2025-11-25 02:41:06,1AFD3201-5C66-4F98-A201-B778A7FF0912,2587.000,6818.000,"8,4,3",3035.000,4915.000,3863.0,6230.0,3508.0,6818.0,SHAPELY,ゲスト,unknown,other,available
589,2025-11-25 02:40:40,1A7BFF5E-BAE7-462D-978E-574155DF4F85,2587.000,10065.000,"9,6,4",3035.000,9345.000,3093.0,10048.0,3105.0,10065.0,SHAPELY,Dazzy,manager,dev_team,available
588,2025-11-25 02:40:36,1AFD3201-5C66-4F98-A201-B778A7FF0912,2587.000,6849.000,"8,4,3",3035.000,4915.000,3769.0,6229.0,3130.0,6849.0,SHAPELY,ゲスト,unknown,other,available
587,2025-11-25 02:40:09,1A7BFF5E-BAE7-462D-978E-574155DF4F85,2587.000,9788.000,"9,6,4",3035.000,9345.000,3443.0,9736.0,3142.0,9788.0,SHAPELY,Dazzy,manager,dev_team,available
586,2025-11-25 02:40:06,1AFD3201-5C66-4F98-A201-B778A7FF0912,2855.000,6312.000,"8,4,3",3035.000,4915.000,3756.0,6230.0,2855.0,6312.0,SHAPELY,ゲスト,unknown,other,available
585,2025-11-25 02:39:39,1A7BFF5E-BAE7-462D-978E-574155DF4F85,2587.000,9700.000,"9,6,4",3035.000,9345.000,3284.0,9516.0,3316.0,9700.0,SHAPELY,Dazzy,manager,dev_team,available
584,2025-11-25 02:39:36,1AFD3201-5C66-4F98-A201-B778A7FF0912,1463.000,7107.000,"8,4,3",3035.000,4915.000,3723.0,6230.0,1463.0,7107.0,SHAPELY,ゲスト,unknown,other,available
583,2025-11-25 02:39:09,1A7BFF5E-BAE7-462D-978E-574155DF4F85,2897.000,9384.000,"9,6,4",3035.000,9345.000,3041.0,9336.0,2897.0,9384.0,SHAPELY,Dazzy,manager,dev_team,available
582,2025-11-25 02:39:06,1AFD3201-5C66-4F98-A201-B778A7FF0912,650.000,8565.000,"8,4,3",3035.000,4915.000,3834.0,6230.0,-4059.0,8565.0,SHAPELY,ゲスト,unknown,other,available
581,2025-11-25 02:38:39,1A7BFF5E-BAE7-462D-978E-574155DF4F85,2824.000,9376.000,"6,9,4",3035.000,9345.000,2824.0,9376.0,2824.0,9376.0,SHAPELY,Dazzy,manager,dev_team,available
580,2025-11-25 02:38:36,1AFD3201-5C66-4F98-A201-B778A7FF0912,650.000,14565.000,"8,4,3",3035.000,4915.000,3730.0,6229.0,-21574.0,14565.0,SHAPELY,ゲスト,unknown,other,available
